id,date,tweet
1333454834997968904,2020-11-30 16:56:21+00:00,"돈버실분들고액 카톡pops9899
#페티쉬물품 #페티쉬 #입던팬티 #입던속바지 #신던양말 #신던스타킹 #작업대출 #입던브라 #신던구두 #신던힐 #섹트 #일탈 #신던운동화 #돌핀팬츠 #레깅스 #입던속옷
#야동 #변태  #스타킹 #코로나
#고수익 #불법알바 #2단계
#신규확진자 #주부부업 #재택알바
#통장구입..."
1336163620833529856,2020-12-08 04:20:06+00:00,요즘 코로나 때문에 헬스도 못하니 뱃살 다시 나오는 듯ㅠㅠ 그래서 식단 관리라도 하려고 단백질쉐이크 챙겨 먹고 있는데 이거 진짜 괜찮네요. 포만감이 오래가서 자기 전까지 안배고픔;; 물이랑도 잘 섞이고 맛도 존맛ㅋㅋ 지금 세일하니까 필요한 사람 ㄱㄱ
1333406110250717186,2020-11-30 13:42:44+00:00,"돈버실분들고액 카톡pops9899
#페티쉬물품 #페티쉬 #입던팬티 #입던속바지 #신던양말 #신던스타킹 #골든 #침 #입던브라 #신던구두 #신던힐 #섹트 #일탈 #신던운동화 #돌핀팬츠 #레깅스 #입던속옷
#야동 #변태  #스타킹 #코로나
#고수익 #불법알바 #2단계
#신규확진자 #주부부업 #재택알바
#통장구입..."
1333386773611782144,2020-11-30 12:25:54+00:00,"야근 후 지하철로 퇴근 중인데, 
평소 이 시간에 (저녁 9시 경) 보기 힘든 만취하신 분들이 많다.

식당들이 9시까지만 영업하다보니, 
#전투적_1차로_마무리 하신 분들이 많은 듯 

#사회적_거리두기_2단계_영향 -.-;;;;"
1333371361083805703,2020-11-30 11:24:39+00:00,"돈버실분들고액 카톡pops9899
#페티쉬물품 #페티쉬 #입던팬티 #입던속바지 #신던양말 #신던스타킹 #골든 #침 #입던브라 #신던구두 #신던힐 #섹트 #일탈 #신던운동화 #돌핀팬츠 #레깅스 #입던속옷
#야동 #변태  #스타킹 #코로나
#고수익 #불법알바 #2단계
#신규확진자 #주부부업 #재택알바
#통장매매"
1333250893563588608,2020-11-30 03:25:58+00:00,"돈버실분들고액 카톡pops9899
#페티쉬물품 #페티쉬 #입던팬티 #입던속바지 #신던양말 #신던스타킹 #골든 #침 #입던브라 #신던구두 #신던힐 #섹트 #일탈 #신던운동화 #돌핀팬츠 #레깅스 #입던속옷
#야동 #변태  #스타킹 #코로나
#고수익 #불법알바 #2단계
#신규확진자 #주부부업 #재택알바
#개인돈"
1333088620316565504,2020-11-29 16:41:09+00:00,"돈버실분들고액 카톡pops9899
#페티쉬물품 #페티쉬 #입던팬티 #입던속바지 #신던양말 #신던스타킹 #골든 #침 #입던브라 #신던구두 #신던힐 #섹트 #일탈 #신던운동화 #돌핀팬츠 #레깅스 #입던속옷
#야동 #변태  #스타킹 #코로나
#고수익 #불법알바 #2단계
#신규확진자 #주부부업 #재택알바
#통장구입"
1333000681272209409,2020-11-29 10:51:43+00:00,"돈버실분들고액 카톡pops9899
#페티쉬물품 #페티쉬 #입던팬티 #입던속바지 #신던양말 #신던스타킹 #골든 #침 #입던브라 #신던구두 #신던힐 #섹트 #일탈 #신던운동화 #돌핀팬츠 #레깅스 #입던속옷
#야동 #변태  #스타킹 #코로나
#고수익 #불법알바 #2단계
#신규확진자 #주부부업 #재택알바
#통장"
1332928716284956672,2020-11-29 06:05:45+00:00,"돈버실분들고액 카톡pops9899
#페티쉬물품 #페티쉬 #입던팬티 #입던속바지 #신던양말 #신던스타킹 #골든 #침 #입던브라 #신던구두 #신던힐 #섹트 #일탈 #신던운동화 #돌핀팬츠 #레깅스 #입던속옷
#야동 #변태  #스타킹 #코로나
#고수익 #불법알바 #2단계
#신규확진자 #주부부업 #재택알바
#통장팜"
1332522249350352896,2020-11-28 03:10:35+00:00,"돈버실분들고액 카톡pops9899
#페티쉬물품 #페티쉬 #입던팬티 #입던속바지 #신던양말 #신던스타킹 #골든 #침 #입던브라 #신던구두 #신던힐 #섹트 #일탈 #신던운동화 #돌핀팬츠 #레깅스 #입던속옷
#야동 #변태  #스타킹 #코로나
#고수익 #불법알바 #2단계
#신규확진자 #주부부업 #재택알바
#통장구입"
1332376431976804353,2020-11-27 17:31:10+00:00,"돈버실분들고액 카톡pops9899
#페티쉬물품 #페티쉬 #입던팬티 #입던속바지 #신던양말 #신던스타킹 #골든 #침 #입던브라 #신던구두 #신던힐 #섹트 #일탈 #신던운동화 #돌핀팬츠 #레깅스 #입던속옷
#야동 #변태  #스타킹 #코로나
#고수익 #불법알바 #2단계
#신규확진자 #주부부업 #재택알바
#통장구매.."
1332330067775524865,2020-11-27 14:26:56+00:00,"돈버실분들고액 카톡pops9899
#페티쉬물품 #페티쉬 #입던팬티 #입던속바지 #신던양말 #신던스타킹 #골든 #침 #입던브라 #신던구두 #신던힐 #섹트 #일탈 #신던운동화 #돌핀팬츠 #레깅스 #입던속옷
#야동 #변태  #스타킹 #코로나
#고수익 #불법알바 #2단계
#신규확진자 #주부부업 #재택알바
#통장구매"
1332281862283137024,2020-11-27 11:15:23+00:00,"돈버실분들고액 카톡pops9899
#페티쉬물품 #페티쉬 #입던팬티 #입던속바지 #신던양말 #신던스타킹 #골든 #침 #입던브라 #신던구두 #신던힐 #섹트 #일탈 #신던운동화 #돌핀팬츠 #레깅스 #입던속옷
#야동 #변태  #스타킹 #코로나
#고수익 #불법알바 #2단계
#신규확진자 #주부부업 #재택알바
#통장"
1332184972199751681,2020-11-27 04:50:22+00:00,"돈버실분들고액 카톡pops9899
#페티쉬물품 #페티쉬 #입던팬티 #입던속바지 #신던양말 #신던스타킹 #골든 #침 #입던브라 #신던구두 #신던힐 #섹트 #일탈 #신던운동화 #돌핀팬츠 #레깅스 #입던속옷
#야동 #변태  #스타킹 #코로나
#고수익 #불법알바 #2단계
#신규확진자 #주부부업 #재택알바
#꿀알바"
1330993937008316416,2020-11-23 21:57:37+00:00,"11월 24일(화) 3부 (08:30-08:57) #김경래의최강시사

[추적 20분]
#전두환 #추징금 #991억원.. 해법 없나?
- #박지훈 변호사 + #김완 기자(#한겨레)

[최강 인터뷰3]
오늘부터 #수도권거리두기 #2단계.. #돌봄 문제는?
- #강미정 활동가(#정치하는엄마들)"
1330889961558577152,2020-11-23 15:04:28+00:00,"&lt;코로나 대응 2단계 격상에 따른 변경 안내&gt;

일시 : &lt;11월 24일 화요일 0시 ~ 12월 7일 월요일 24시&gt;

일본지부 : 문제없이 평소와 같이 진행
부산지부 : 문제없이 평소와 같이 진행

#코로나 #방역수칙 #2단계 #코로나2단계 #코로나카페 #코로나음식점 #코로나방역 #코로나모임 #크지프"
1330659042214068224,2020-11-22 23:46:52+00:00,식당들 죽는 소리만 하지말고..  최소한의 것. 가게 입장 시 열체크부터 하라고..😡  비접촉 체온계 하나 안 사두면서..  그냥 운빨로 장사하겠다는거잖아..😡 #코로나19  #2단계
1330482638411350016,2020-11-22 12:05:54+00:00,"보아허니, 
돌아오는 주 저녁약속은 캔슬이 많을테니, 밀린 사이버교육 (회사에서 의무적으로 할당한 -.-;) 이나 야근하면서 들어야겠구나 -.-;;

#2단계_순기능"
1330432207857528835,2020-11-22 08:45:31+00:00,"수도권 거리두기 
24일 0시부터 2단계로 격상!!

#수도권_거리두기 
24일 0시부터 #2단계 격상!!
연합뉴스"
1329717229911306240,2020-11-20 09:24:27+00:00,"#코로나 #확진자 #사회적거리두기 #2단계 #노량진

🗞️ '코로나19 확진자 급증'
       관련기사 한눈에 모아보자!"
